{"cameraMode":{"drawMode":0,"name":"Shaded","section":"Shading Mode"},"sceneLighting":true,"audioPlay":false,"sceneViewState":{"showFog":true,"showMaterialUpdate":false,"showSkybox":true,"showFlares":true,"showImageEffects":true,"showParticleSystems":true},"in2DMode":false,"pivot":{"x":0.0,"y":1.2734296321868897,"z":-0.7699999809265137},"rotation":{"x":-0.09181524068117142,"y":0.8945026993751526,"z":-0.38062748312950137,"w":-0.21577267348766328},"size":11.11503791809082,"orthographic":false}